{
	"Version": 3,
	"Meta": {
		"Duration": 2,
		"Fps": 30.0,
		"Loop": true,
		"AreBeziersRestricted": false,
		"CurveCount": 4,
		"TotalSegmentCount": 20,
		"TotalPointCount": 58,
		"UserDataCount": 0,
		"TotalUserDataSize": 0
	},
	"Curves": [
		{
			"Target": "Parameter",
			"Id": "ParamEyeBallX",
			"Segments": [
				0,
				-1,
				1,
				0.667,
				-1,
				1.333,
				0.3,
				2,
				0.3
			]
		},
		{
			"Target": "Parameter",
			"Id": "ParamEyeBallY",
			"Segments": [
				0,
				-1,
				1,
				0.044,
				-1,
				0.089,
				1,
				0.133,
				1,
				1,
				0.189,
				1,
				0.244,
				-1,
				0.3,
				-1,
				0,
				2,
				-1
			]
		},
		{
			"Target": "Parameter",
			"Id": "ParamMouthOpenY",
			"Segments": [
				0,
				0,
				1,
				0.056,
				0,
				0.111,
				0.167,
				0.167,
				0.5,
				1,
				0.222,
				0.833,
				0.278,
				1,
				0.333,
				1,
				1,
				0.389,
				1,
				0.444,
				0,
				0.5,
				0,
				1,
				0.556,
				0,
				0.611,
				0.167,
				0.667,
				0.5,
				1,
				0.722,
				0.833,
				0.778,
				1,
				0.833,
				1,
				1,
				0.889,
				1,
				0.944,
				0,
				1,
				0,
				1,
				1.056,
				0,
				1.111,
				0.167,
				1.167,
				0.5,
				1,
				1.222,
				0.833,
				1.278,
				1,
				1.333,
				1,
				1,
				1.389,
				1,
				1.444,
				0,
				1.5,
				0,
				1,
				1.556,
				0,
				1.611,
				0.167,
				1.667,
				0.5,
				1,
				1.722,
				0.833,
				1.778,
				1,
				1.833,
				1,
				0,
				2,
				1
			]
		},
		{
			"Target": "Parameter",
			"Id": "ParamBreath",
			"Segments": [
				0,
				1,
				1,
				0.278,
				1,
				0.556,
				1,
				0.833,
				1,
				1,
				0.944,
				1,
				1.056,
				0,
				1.167,
				0,
				1,
				1.333,
				0,
				1.5,
				1,
				1.667,
				1,
				0,
				2,
				1
			]
		}
	]
}